date,open,high,low,close,volume,stock_name,ma5,ma10,ma20
2025-03-24,12.71,12.78,12.09,12.42,96794.1,阳谷华泰,,,
2025-03-25,12.4,12.73,12.35,12.56,65957.23,阳谷华泰,,,
2025-03-26,12.55,12.92,12.49,12.85,78748.22,阳谷华泰,,,
2025-03-27,12.85,13.7,12.79,13.6,335712.89,阳谷华泰,,,
2025-03-28,13.18,13.35,12.52,12.52,259116.98,阳谷华泰,12.790000000000001,,
2025-03-31,12.35,12.55,11.53,11.99,186706.0,阳谷华泰,12.703999999999999,,
2025-04-01,11.97,12.05,11.77,11.9,86554.22,阳谷华泰,12.572,,
2025-04-02,11.85,12.01,11.77,11.79,73687.56,阳谷华泰,12.36,,
2025-04-03,11.51,11.75,11.42,11.6,77417.95,阳谷华泰,11.959999999999999,,
2025-04-07,10.44,10.78,9.3,9.4,202133.26,阳谷华泰,11.336000000000002,12.062999999999999,
2025-04-08,9.6,10.19,9.6,9.95,148808.98,阳谷华泰,10.928,11.815999999999999,
2025-04-09,9.79,10.3,9.16,10.2,139985.27,阳谷华泰,10.588,11.58,
2025-04-10,10.44,10.72,10.37,10.38,110036.35,阳谷华泰,10.306000000000001,11.333,
2025-04-11,10.22,10.71,10.22,10.6,95445.35,阳谷华泰,10.106,11.032999999999998,
2025-04-14,10.77,10.85,10.66,10.69,72213.35,阳谷华泰,10.363999999999999,10.85,
2025-04-15,10.77,11.6,10.77,11.53,204082.77,阳谷华泰,10.68,10.803999999999998,
2025-04-16,12.34,12.68,11.75,11.95,297799.48,阳谷华泰,11.030000000000001,10.809,
2025-04-17,11.69,11.93,11.46,11.56,189202.01,阳谷华泰,11.266,10.786,
2025-04-18,11.69,11.75,11.37,11.43,101415.49,阳谷华泰,11.431999999999999,10.769,
2025-04-21,11.43,11.77,11.32,11.63,88152.0,阳谷华泰,11.620000000000001,10.992,11.5275
2025-04-22,11.65,11.88,11.56,11.71,92839.06,阳谷华泰,11.656,11.168000000000001,11.492
2025-04-23,11.71,11.87,11.62,11.78,84506.86,阳谷华泰,11.622,11.325999999999999,11.453
2025-04-24,11.61,12.28,11.6,11.94,127199.44,阳谷华泰,11.698,11.482,11.407499999999999
2025-04-25,12.0,12.07,11.75,11.97,76650.23,阳谷华泰,11.806000000000001,11.619000000000002,11.325999999999999
2025-04-28,12.01,12.23,11.85,12.17,94984.0,阳谷华泰,11.914,11.767,11.3085
2025-04-29,12.28,12.43,11.28,11.39,208163.27,阳谷华泰,11.85,11.753,11.2785
2025-04-30,11.39,11.61,11.32,11.53,88822.97,阳谷华泰,11.8,11.711,11.26
2025-05-06,11.53,12.05,11.53,11.99,104377.91,阳谷华泰,11.809999999999999,11.754000000000001,11.27
2025-05-07,11.98,12.27,11.81,11.94,115053.9,阳谷华泰,11.804,11.805,11.287
2025-05-08,11.88,12.03,11.78,11.97,66352.9,阳谷华泰,11.764,11.839,11.4155
2025-05-09,11.91,11.98,11.63,11.69,70086.16,阳谷华泰,11.824,11.837,11.502500000000001
2025-05-12,11.81,11.87,11.6,11.67,62020.0,阳谷华泰,11.852,11.826,11.575999999999999
2025-05-13,11.8,11.94,11.68,11.8,74333.23,阳谷华泰,11.813999999999998,11.812,11.647
2025-05-14,11.8,11.99,11.65,11.78,85721.47,阳谷华泰,11.782,11.793,11.706
2025-05-15,11.79,11.8,11.39,11.39,71911.16,阳谷华泰,11.666,11.715,11.741000000000001
2025-05-16,11.36,11.53,11.34,11.42,40544.0,阳谷华泰,11.612,11.718,11.7355
2025-05-19,12.1,13.26,12.03,12.74,513236.53,阳谷华泰,11.826,11.839,11.775
2025-05-20,12.98,13.38,12.87,13.02,494784.79,阳谷华泰,12.069999999999999,11.942,11.847999999999999
2025-05-21,13.02,13.39,12.69,12.83,321219.51,阳谷华泰,12.280000000000001,12.031,11.918000000000001
2025-05-22,12.72,13.03,12.57,12.57,196615.64,阳谷华泰,12.516,12.091,11.965
2025-05-23,12.59,15.08,12.44,15.08,827217.36,阳谷华泰,13.248,12.43,12.133500000000002
2025-05-26,14.99,16.57,14.68,16.04,1162567.97,阳谷华泰,13.907999999999998,12.867,12.3465
2025-05-27,15.68,16.05,15.2,15.43,720967.23,阳谷华泰,14.39,13.23,12.521
2025-05-28,15.28,15.3,14.79,14.86,577336.83,阳谷华泰,14.796000000000001,13.538,12.6655
2025-05-29,14.8,15.34,14.29,14.91,656494.72,阳谷华泰,15.264,13.89,12.8025
2025-05-30,14.66,14.73,13.91,14.0,479971.52,阳谷华泰,15.047999999999998,14.148,12.933000000000002
2025-06-03,14.09,14.39,13.97,14.22,305722.76,阳谷华泰,14.684000000000001,14.295999999999998,13.0675
2025-06-04,14.18,14.38,13.83,13.92,308726.76,阳谷华泰,14.382,14.386000000000001,13.163999999999998
2025-06-05,13.86,14.05,13.75,13.96,239851.56,阳谷华泰,14.202000000000002,14.499,13.265
2025-06-06,13.97,14.06,13.76,13.83,208603.9,阳谷华泰,13.986,14.625,13.358
2025-06-09,13.79,13.99,13.66,13.97,178296.96,阳谷华泰,13.98,14.514,13.472
2025-06-10,13.95,14.23,13.49,13.7,345045.1,阳谷华泰,13.876,14.280000000000001,13.5735
2025-06-11,13.61,13.77,13.4,13.51,243914.27,阳谷华泰,13.794,14.088,13.658999999999997
2025-06-12,13.39,13.55,13.26,13.46,146570.69,阳谷华泰,13.693999999999999,13.948000000000002,13.743
2025-06-13,13.33,13.53,13.14,13.17,157512.0,阳谷华泰,13.562000000000001,13.774000000000001,13.832000000000003
2025-06-16,13.16,13.31,13.1,13.31,98298.62,阳谷华泰,13.430000000000001,13.705000000000002,13.9265
2025-06-17,13.32,13.32,13.05,13.17,110106.92,阳谷华泰,13.324000000000002,13.6,13.947999999999999
2025-06-18,13.09,13.27,12.91,13.13,104647.0,阳谷华泰,13.248,13.521,13.9535
2025-06-19,13.12,13.45,13.06,13.28,274844.0,阳谷华泰,13.212,13.453,13.976000000000003
2025-06-20,13.53,14.91,13.53,14.49,685217.54,阳谷华泰,13.475999999999999,13.519,14.072
2025-06-23,14.03,14.31,13.53,14.16,452568.73,阳谷华泰,13.646,13.538,14.026
2025-06-24,14.1,14.75,13.91,14.65,485362.89,阳谷华泰,13.942000000000002,13.633000000000001,13.956500000000002
2025-06-25,14.48,14.71,14.23,14.67,397103.06,阳谷华泰,14.25,13.749,13.9185
2025-06-26,14.46,14.58,14.05,14.09,342732.09,阳谷华泰,14.412,13.812000000000001,13.88
2025-06-27,14.15,15.35,14.02,14.88,542797.5,阳谷华泰,14.49,13.983,13.878499999999999
2025-06-30,14.95,15.38,14.71,15.03,499827.96,阳谷华泰,14.663999999999998,14.155000000000001,13.929999999999998
2025-07-01,15.0,15.46,14.78,15.34,506762.82,阳谷华泰,14.802000000000001,14.372,13.986
2025-07-02,15.04,15.27,14.58,15.03,346037.44,阳谷华泰,14.874,14.562000000000001,14.0415
2025-07-03,14.86,14.99,14.51,14.69,232404.44,阳谷华泰,14.994,14.703,14.078
2025-07-04,14.57,14.9,14.35,14.5,195917.9,阳谷华泰,14.918000000000001,14.704000000000002,14.111499999999998
2025-07-07,14.7,14.7,14.31,14.37,141677.5,阳谷华泰,14.785999999999998,14.725,14.131499999999999
2025-07-08,14.39,15.27,14.21,15.1,396104.63,阳谷华泰,14.738,14.770000000000001,14.201500000000001
2025-07-09,14.96,15.17,14.75,14.96,243559.62,阳谷华泰,14.724,14.798999999999998,14.274000000000001
2025-07-10,14.96,15.3,14.71,14.77,195531.67,阳谷华泰,14.74,14.866999999999999,14.339499999999997
2025-07-11,14.7,14.8,14.48,14.71,144052.38,阳谷华泰,14.782,14.85,14.4165
2025-07-14,14.63,14.75,14.46,14.56,116536.0,阳谷华泰,14.819999999999999,14.803,14.479
2025-07-15,14.64,14.99,14.41,14.81,230337.89,阳谷华泰,14.762,14.75,14.561000000000002
2025-07-16,14.62,14.79,14.34,14.35,188194.0,阳谷华泰,14.64,14.682000000000002,14.622
2025-07-17,14.35,14.54,14.22,14.51,131317.81,阳谷华泰,14.588,14.663999999999998,14.6835
2025-07-18,14.53,14.75,14.3,14.65,156103.0,阳谷华泰,14.575999999999999,14.678999999999998,14.6915
2025-07-21,14.51,14.7,14.44,14.62,126379.02,阳谷华泰,14.588,14.704000000000002,14.714500000000001
2025-07-22,14.52,14.65,14.42,14.53,124216.03,阳谷华泰,14.532,14.647,14.708499999999997
2025-07-23,14.5,14.98,14.5,14.66,256564.5,阳谷华泰,14.594,14.617,14.708000000000002
2025-07-24,14.66,14.89,14.59,14.88,178270.76,阳谷华泰,14.668000000000001,14.628,14.747499999999999
2025-07-25,14.81,15.08,14.56,15.08,286102.37,阳谷华泰,14.754,14.664999999999997,14.757499999999999
2025-07-28,15.14,15.14,14.86,14.94,163902.47,阳谷华泰,14.818000000000001,14.703,14.753
2025-07-29,14.8,15.46,14.69,15.2,315090.19,阳谷华泰,14.951999999999998,14.741999999999999,14.745999999999999
2025-07-30,15.05,15.05,14.5,14.5,277483.0,阳谷华泰,14.919999999999998,14.757,14.7195
2025-07-31,14.32,14.61,14.08,14.14,172301.0,阳谷华泰,14.772,14.719999999999999,14.692000000000002
2025-08-01,14.21,14.72,14.03,14.38,157550.5,阳谷华泰,14.632,14.693000000000001,14.686000000000002
2025-08-04,13.17,13.58,13.15,13.52,275008.9,阳谷华泰,14.348000000000003,14.582999999999998,14.6435
2025-08-05,13.52,13.67,13.4,13.41,161700.14,阳谷华泰,13.99,14.470999999999998,14.559000000000001
2025-08-06,13.4,13.89,13.35,13.88,167195.5,阳谷华泰,13.866,14.393,14.505
2025-08-07,13.86,14.02,13.8,13.9,114760.0,阳谷华泰,13.818000000000001,14.294999999999998,14.461500000000001
2025-08-08,13.81,13.83,13.58,13.65,102233.77,阳谷华泰,13.672,14.152000000000001,14.4085
2025-08-11,13.64,13.91,13.6,13.82,92022.27,阳谷华泰,13.732,14.040000000000001,14.371500000000001
2025-08-12,13.79,14.02,13.62,13.99,165293.0,阳谷华泰,13.848000000000003,13.919,14.3305
2025-08-13,13.89,14.1,13.89,13.96,96661.0,阳谷华泰,13.864,13.865,14.311000000000002
2025-08-14,14.61,14.95,14.12,14.18,329608.3,阳谷华泰,13.919999999999998,13.869,14.2945
2025-08-15,14.0,14.26,13.97,14.2,184517.84,阳谷华泰,14.030000000000001,13.850999999999999,14.272
2025-08-18,14.35,14.65,14.28,14.52,191783.97,阳谷华泰,14.169999999999998,13.950999999999999,14.267
2025-08-19,14.5,14.69,14.35,14.49,160174.0,阳谷华泰,14.270000000000001,14.059000000000001,14.265
2025-08-20,14.45,14.76,14.25,14.64,172889.45,阳谷华泰,14.406,14.135,14.264
2025-08-21,14.64,14.68,14.36,14.44,124724.94,阳谷华泰,14.458000000000002,14.188999999999998,14.241999999999999
2025-08-22,14.4,14.5,14.32,14.43,109377.1,阳谷华泰,14.504,14.267,14.2095
2025-08-25,14.48,14.75,14.34,14.5,186544.7,阳谷华泰,14.5,14.334999999999999,14.1875
2025-08-26,14.38,14.79,14.35,14.7,172369.11,阳谷华泰,14.542000000000002,14.406,14.1625
2025-08-27,14.7,14.79,14.21,14.23,168125.0,阳谷华泰,14.459999999999999,14.433000000000002,14.149000000000001
2025-08-28,14.4,15.2,14.35,15.13,431260.65,阳谷华泰,14.598000000000003,14.528,14.1985
2025-08-29,15.51,16.3,15.22,15.88,555078.41,阳谷华泰,14.888,14.695999999999998,14.273499999999999
2025-09-01,15.88,16.17,15.75,15.99,274757.39,阳谷华泰,15.185999999999998,14.843,14.397
2025-09-02,15.95,15.96,15.36,15.47,236138.0,阳谷华泰,15.34,14.940999999999999,14.5
2025-09-03,15.4,16.27,15.31,15.57,303615.66,阳谷华泰,15.607999999999999,15.034,14.5845
2025-09-04,15.43,15.79,14.56,14.87,260377.6,阳谷华泰,15.556000000000001,15.077000000000002,14.633000000000001
2025-09-05,14.94,15.48,14.71,15.47,184804.81,阳谷华泰,15.474,15.181000000000001,14.723999999999998
2025-09-08,15.38,15.5,15.07,15.43,157627.0,阳谷华泰,15.362,15.274000000000001,14.804499999999999
2025-09-09,15.35,15.49,14.89,15.02,147121.0,阳谷华泰,15.272,15.306000000000001,14.856
2025-09-10,14.95,15.08,14.63,14.74,126897.9,阳谷华泰,15.106,15.357,14.895
2025-09-11,14.65,14.89,14.23,14.87,144202.99,阳谷华泰,15.106,15.331,14.929499999999999
2025-09-12,14.87,16.1,14.57,15.53,330231.07,阳谷华泰,15.118,15.296000000000001,14.996
2025-09-15,15.6,15.96,15.41,15.56,209125.0,阳谷华泰,15.144,15.253,15.048000000000002
2025-09-16,15.41,15.97,15.31,15.77,214861.0,阳谷华泰,15.294,15.282999999999998,15.112
2025-09-17,15.75,16.09,15.6,15.86,218248.02,阳谷华泰,15.518,15.312000000000001,15.173000000000002
2025-09-18,15.69,16.57,15.61,15.96,401159.71,阳谷华泰,15.736,15.421000000000001,15.249
2025-09-19,16.0,16.24,15.57,15.76,263022.72,阳谷华泰,15.782,15.45,15.3155
2025-09-22,15.8,16.04,15.41,15.88,188707.0,阳谷华泰,15.845999999999998,15.495,15.3845
2025-09-23,15.8,16.49,15.68,16.49,416637.56,阳谷华泰,15.99,15.642000000000001,15.474
2025-09-24,16.88,17.88,16.2,17.07,628041.36,阳谷华泰,16.232,15.875,15.616
2025-09-25,16.81,17.0,16.18,16.24,452284.81,阳谷华泰,16.288,16.012,15.6715
2025-09-26,16.01,16.05,15.45,15.6,301980.4,阳谷华泰,16.256,16.019,15.657500000000002
2025-09-29,15.67,15.76,15.41,15.52,161067.6,阳谷华泰,16.184,16.015,15.634
2025-09-30,15.57,16.6,15.54,16.07,251503.4,阳谷华泰,16.1,16.044999999999998,15.663999999999998
2025-10-09,15.4,15.77,14.91,15.45,310027.31,阳谷华泰,15.776,16.003999999999998,15.657999999999998
2025-10-10,15.45,15.45,15.04,15.29,164256.07,阳谷华泰,15.585999999999999,15.936999999999998,15.678999999999998
2025-10-13,13.67,15.15,13.67,15.1,173575.0,阳谷华泰,15.485999999999999,15.871,15.660500000000003
2025-10-14,15.2,15.78,15.15,15.31,204168.0,阳谷华泰,15.443999999999999,15.813999999999998,15.654500000000002
2025-10-15,15.32,15.93,14.88,15.81,202285.3,阳谷华泰,15.392,15.745999999999999,15.693999999999999
2025-10-16,15.71,15.82,15.32,15.42,138080.0,阳谷华泰,15.386,15.581,15.728
2025-10-17,15.5,15.6,14.86,14.89,124812.0,阳谷华泰,15.306000000000001,15.445999999999998,15.729
2025-10-20,15.03,15.38,14.87,15.06,92979.66,阳谷华泰,15.298000000000002,15.392,15.705499999999997
2025-10-21,15.06,16.15,15.03,16.02,287084.63,阳谷华泰,15.440000000000001,15.441999999999998,15.7285
2025-10-22,15.95,16.15,15.72,15.79,130452.4,阳谷华泰,15.436000000000002,15.413999999999998,15.729499999999998
2025-10-23,15.63,16.03,15.46,15.84,193751.71,阳谷华泰,15.52,15.453,15.7285
2025-10-24,15.78,16.18,15.78,16.18,189334.03,阳谷华泰,15.778,15.542000000000002,15.739500000000001
2025-10-27,16.56,16.7,15.91,15.94,284052.5,阳谷华泰,15.953999999999999,15.626,15.748500000000002
2025-10-28,15.8,16.06,15.5,15.86,159427.48,阳谷华泰,15.922,15.680999999999997,15.747499999999999
2025-10-29,15.86,15.92,15.51,15.7,118022.42,阳谷华泰,15.904,15.670000000000002,15.708000000000002
2025-10-30,15.9,16.3,15.4,15.4,187369.48,阳谷华泰,15.815999999999999,15.668000000000001,15.624500000000001
2025-10-31,15.65,15.78,15.15,15.42,161136.0,阳谷华泰,15.664000000000001,15.721,15.5835
2025-11-03,15.45,15.67,14.91,15.55,155197.15,阳谷华泰,15.585999999999999,15.770000000000001,15.581
2025-11-04,15.48,15.65,15.06,15.13,97827.0,阳谷华泰,15.440000000000001,15.681000000000001,15.5615
2025-11-05,14.98,15.28,14.89,15.19,64807.4,阳谷华泰,15.338,15.621,15.517500000000002
2025-11-06,15.1,15.17,14.78,14.84,138060.5,阳谷华泰,15.225999999999999,15.521,15.487
2025-11-07,14.76,14.89,14.51,14.81,82507.0,阳谷华泰,15.104000000000003,15.384,15.463
2025-11-10,14.85,15.14,14.81,15.13,83970.3,阳谷华泰,15.02,15.303,15.464499999999997
2025-11-11,15.15,15.15,14.83,14.87,68959.0,阳谷华泰,14.968,15.204000000000002,15.4425
2025-11-12,14.8,15.89,14.58,15.78,283345.91,阳谷华泰,15.085999999999999,15.212,15.441000000000003
2025-11-13,15.68,16.35,15.62,16.02,329670.82,阳谷华泰,15.322,15.273999999999997,15.471
2025-11-14,15.87,16.23,15.71,15.88,214732.8,阳谷华泰,15.535999999999998,15.319999999999999,15.520500000000002
2025-11-17,16.35,16.7,16.2,16.27,348952.1,阳谷华泰,15.764,15.392,15.581
2025-11-18,16.19,16.26,15.55,15.68,209625.0,阳谷华泰,15.925999999999998,15.447,15.563999999999998
2025-11-19,15.56,15.94,15.31,15.55,196922.76,阳谷华泰,15.879999999999999,15.482999999999999,15.552000000000001
2025-11-20,15.7,15.98,15.31,15.4,191301.0,阳谷华泰,15.756,15.538999999999998,15.529999999999998
2025-11-21,15.18,15.57,14.58,14.6,220769.0,阳谷华泰,15.5,15.517999999999997,15.450999999999999
2025-11-24,14.69,14.84,14.29,14.73,151524.0,阳谷华泰,15.192000000000002,15.478,15.3905
2025-11-25,14.7,15.18,14.65,14.75,140150.0,阳谷华泰,15.006,15.466,15.335000000000003
2025-11-26,14.72,14.73,14.15,14.19,158497.5,阳谷华泰,14.734,15.306999999999999,15.2595
2025-11-27,14.17,14.55,14.16,14.19,116513.88,阳谷华泰,14.491999999999999,15.124,15.199000000000002
2025-11-28,14.17,14.25,13.98,14.24,105994.27,阳谷华泰,14.420000000000002,14.960000000000003,15.14
2025-12-01,14.19,14.65,14.16,14.5,112516.38,阳谷华泰,14.374,14.783000000000001,15.0875
2025-12-02,14.39,14.39,14.15,14.19,84043.0,阳谷华泰,14.262,14.634,15.0405
2025-12-03,14.16,14.18,13.81,13.96,96124.0,阳谷华泰,14.216,14.475,14.979
2025-12-04,13.86,14.0,13.68,13.84,62041.0,阳谷华泰,14.146,14.318999999999999,14.928999999999998
2025-12-05,13.8,14.13,13.74,14.09,63099.83,阳谷华泰,14.116,14.268,14.893
2025-12-08,14.06,14.13,14.02,14.08,65895.0,阳谷华泰,14.032,14.203,14.8405
2025-12-09,14.08,14.23,14.0,14.12,62904.3,阳谷华泰,14.018,14.139999999999997,14.803
2025-12-10,14.01,14.1,13.87,13.93,62093.03,阳谷华泰,14.012,14.113999999999999,14.7105
2025-12-11,13.87,14.02,13.7,13.71,60235.3,阳谷华泰,13.986,14.065999999999999,14.594999999999999
2025-12-12,13.67,14.09,13.66,14.07,90841.71,阳谷华泰,13.982,14.049000000000001,14.504499999999998
2025-12-15,13.97,14.36,13.81,14.24,109937.26,阳谷华泰,14.014,14.023,14.403
2025-12-16,14.1,14.23,13.84,13.85,73572.0,阳谷华泰,13.959999999999999,13.989,14.3115
2025-12-17,13.86,13.88,13.34,13.43,117381.5,阳谷华泰,13.86,13.935999999999998,14.2055
2025-12-18,13.3,13.59,13.18,13.2,80746.0,阳谷华泰,13.758,13.872,14.095500000000001
2025-12-19,13.2,13.45,13.18,13.37,68271.0,阳谷华泰,13.618,13.8,14.034
2025-12-22,13.37,13.53,13.28,13.44,63062.17,阳谷华泰,13.457999999999998,13.736,13.9695
2025-12-23,13.45,13.55,13.2,13.29,71547.0,阳谷华泰,13.346,13.653,13.896499999999998
2025-12-24,13.21,13.67,13.17,13.61,97125.6,阳谷华泰,13.382,13.620999999999999,13.867499999999998
2025-12-25,13.63,13.63,13.38,13.52,79528.71,阳谷华泰,13.445999999999998,13.601999999999999,13.833999999999998
2025-12-26,13.5,13.5,13.17,13.22,105972.99,阳谷华泰,13.416,13.517000000000001,13.782999999999998
2025-12-29,13.22,13.26,12.94,12.96,120506.0,阳谷华泰,13.320000000000002,13.389,13.705999999999998
2025-12-30,12.96,12.99,12.8,12.85,85887.0,阳谷华泰,13.232,13.288999999999998,13.639
2025-12-31,12.81,12.85,12.55,12.62,116224.0,阳谷华泰,13.034,13.207999999999998,13.572
2026-01-05,12.24,12.87,12.11,12.73,182075.22,阳谷华泰,12.876,13.161000000000001,13.516500000000002
2026-01-06,12.73,13.0,12.7,12.86,128079.0,阳谷华泰,12.803999999999998,13.11,13.454999999999998
2026-01-07,13.05,13.8,13.04,13.6,325994.95,阳谷华泰,12.931999999999999,13.126,13.431000000000001
2026-01-08,13.47,13.73,13.35,13.37,196564.99,阳谷华泰,13.035999999999998,13.134,13.3935
2026-01-09,13.37,13.4,13.19,13.32,144722.96,阳谷华泰,13.175999999999998,13.104999999999999,13.363
2026-01-12,13.28,13.47,13.23,13.47,156986.02,阳谷华泰,13.324000000000002,13.1,13.350999999999999
2026-01-13,13.48,13.52,13.01,13.05,157043.0,阳谷华泰,13.362,13.083000000000002,13.3
2026-01-14,13.0,13.29,12.8,13.1,188348.9,阳谷华泰,13.262,13.097,13.243
2026-01-15,12.98,13.5,12.88,13.47,221250.9,阳谷华泰,13.282,13.159,13.223999999999998
2026-01-16,13.5,14.15,13.5,13.77,272611.94,阳谷华泰,13.372,13.274000000000001,13.241
2026-01-19,13.6,14.16,13.59,14.07,198860.0,阳谷华泰,13.492,13.408000000000001,13.2845
2026-01-20,14.0,14.11,13.81,13.94,142118.0,阳谷华泰,13.670000000000002,13.516,13.312999999999999
2026-01-21,13.88,14.17,13.75,14.11,154313.0,阳谷华泰,13.872,13.566999999999998,13.3465
2026-01-22,14.18,14.18,13.85,13.97,116892.0,阳谷华泰,13.972,13.627,13.380500000000001
2026-01-23,14.0,14.5,13.95,14.17,207236.24,阳谷华泰,14.052000000000001,13.712,13.4085
2026-01-26,14.1,14.17,13.64,13.82,165708.4,阳谷华泰,14.002,13.747,13.4235
2026-01-27,13.81,13.81,13.25,13.59,116918.17,阳谷华泰,13.931999999999999,13.800999999999998,13.441999999999998
2026-01-28,13.49,13.8,13.49,13.73,91165.0,阳谷华泰,13.856,13.863999999999999,13.480500000000001
2026-01-29,13.61,14.03,13.5,13.75,152073.34,阳谷华泰,13.812000000000001,13.892,13.5255
2026-01-30,13.77,13.88,13.34,13.67,116830.39,阳谷华泰,13.712,13.882,13.578
2026-02-02,13.6,13.71,13.0,13.0,123916.6,阳谷华泰,13.548000000000002,13.775,13.5915
2026-02-03,13.15,13.27,13.02,13.21,69810.0,阳谷华泰,13.472,13.701999999999998,13.609
2026-02-04,13.24,13.4,13.12,13.26,65363.0,阳谷华泰,13.378,13.616999999999999,13.592000000000002
2026-02-05,13.18,13.25,12.85,12.88,79167.0,阳谷华泰,13.204000000000002,13.508,13.5675
2026-02-06,12.8,13.33,12.73,13.17,91865.73,阳谷华泰,13.104,13.407999999999998,13.560000000000002
2026-02-09,13.33,13.5,13.22,13.3,66636.0,阳谷华泰,13.164000000000001,13.356,13.5515
2026-02-10,13.28,13.42,13.24,13.27,43184.0,阳谷华泰,13.175999999999998,13.324000000000002,13.5625
2026-02-11,13.24,13.42,13.2,13.28,57801.0,阳谷华泰,13.180000000000001,13.279,13.5715
2026-02-12,13.26,13.29,13.1,13.2,65602.5,阳谷华泰,13.244,13.224,13.557999999999998
2026-02-13,13.18,13.38,13.09,13.12,54784.0,阳谷华泰,13.234,13.169,13.5255
2026-02-24,13.2,13.4,13.02,13.39,78459.0,阳谷华泰,13.252,13.208000000000002,13.491500000000002
2026-02-25,13.38,13.84,13.31,13.74,111661.11,阳谷华泰,13.345999999999998,13.261000000000001,13.4815
2026-02-26,13.73,13.96,13.6,13.86,91345.5,阳谷华泰,13.462,13.320999999999998,13.469
2026-02-27,13.84,13.97,13.69,13.89,84972.5,阳谷华泰,13.6,13.422,13.465
2026-03-02,13.72,14.03,13.64,13.73,105899.0,阳谷华泰,13.722,13.478,13.443000000000001
2026-03-03,13.82,14.32,13.73,13.8,271977.59,阳谷华泰,13.804000000000002,13.528,13.442000000000002
2026-03-04,13.62,13.98,13.5,13.59,150552.98,阳谷华泰,13.774000000000001,13.559999999999999,13.441999999999998
2026-03-05,13.88,13.96,13.61,13.75,127012.07,阳谷华泰,13.752,13.607,13.443000000000001
2026-03-06,13.65,14.01,13.65,13.95,133425.3,阳谷华泰,13.764,13.681999999999999,13.453
2026-03-09,13.79,13.9,13.28,13.45,165192.93,阳谷华泰,13.707999999999998,13.715,13.441999999999998
2026-03-10,13.48,13.64,13.31,13.42,134284.93,阳谷华泰,13.632,13.718,13.463
2026-03-11,13.42,13.6,13.33,13.48,120355.0,阳谷华泰,13.61,13.691999999999998,13.476500000000001
2026-03-12,13.46,13.97,13.35,13.62,185776.0,阳谷华泰,13.583999999999998,13.668000000000001,13.494500000000002
2026-03-13,13.52,14.18,13.51,14.08,285608.0,阳谷华泰,13.61,13.687000000000001,13.554499999999999
2026-03-16,14.0,15.5,13.98,14.8,576958.57,阳谷华泰,13.879999999999999,13.794,13.636000000000001
2026-03-17,14.55,14.7,14.12,14.15,314826.0,阳谷华泰,14.026,13.828999999999999,13.6785
2026-03-18,14.15,14.3,13.44,13.69,266654.03,阳谷华泰,14.068000000000001,13.838999999999999,13.6995
2026-03-19,13.38,13.86,13.14,13.22,208945.89,阳谷华泰,13.988,13.785999999999998,13.6965
2026-03-20,13.33,13.61,12.88,12.88,245321.26,阳谷华泰,13.748000000000001,13.679000000000002,13.6805
2026-03-23,12.27,12.51,11.5,11.55,285100.2,阳谷华泰,13.097999999999999,13.489,13.602
